{
    "openapi": "3.0.0",
    "info": {
        "title": "L5 OpenApi",
        "description": "L5 Swagger OpenApi description",
        "contact": {
            "email": "darius@matulionis.lt"
        },
        "license": {
            "name": "Apache 2.0",
            "url": "https://www.apache.org/licenses/LICENSE-2.0.html"
        },
        "version": "1.0.0"
    },
    "paths": {
        "/": {
            "get": {
                "description": "Home page",
                "responses": {
                    "default": {
                        "description": "Welcome page"
                    }
                }
            }
        }
    }
}